{"cameraMode":{"drawMode":0,"name":"Shaded","section":"Shading Mode"},"sceneLighting":true,"audioPlay":false,"sceneViewState":{"showFog":false,"showMaterialUpdate":false,"showSkybox":false,"showFlares":false,"showImageEffects":false,"showParticleSystems":true},"in2DMode":false,"pivot":{"x":0.016999244689941407,"y":0.08750022947788239,"z":-0.009999752044677735},"rotation":{"x":0.3140355348587036,"y":-0.11497620493173599,"z":0.038344044238328937,"w":0.9416431784629822},"size":2.70629620552063,"orthographic":true}